Musicians@Google Presents: Google Goes Gaga,https://www.youtube.com/watch?v=hNa_-1d_0tA&list=UUbmNph6atAoGfqLoCL_duAg,FALSE,Musicians
@Google & YouTube present A Conversation with Conan O'Brien,https://www.youtube.com/watch?v=u7TwqpWiY5s&list=UUbmNph6atAoGfqLoCL_duAg,FALSE,Comedians
Christopher Hitchens | Talks at Google,https://www.youtube.com/watch?v=sD0B-X9LJjs&amp;list=UUbmNph6atAoGfqLoCL_duAg,FALSE,Authors
Google+David Beckham,https://www.youtube.com/watch?v=8E-rlXdv0Kc&amp;list=UUbmNph6atAoGfqLoCL_duAg,FALSE,Other (Athlete)
Candidates@Google: Ron Paul,https://www.youtube.com/watch?v=8E-rlXdv0Kc&amp;list=UUbmNph6atAoGfqLoCL_duAg,FALSE,Candidates
Candidates@Google: Barack Obama,https://www.youtube.com/watch?v=m4yVlPqeZwo&amp;list=UUbmNph6atAoGfqLoCL_duAg,FALSE,Candidates
"Stephen Colbert, ""America Again: Re-Becoming the Greatness We Never Weren't"" | Talks at Google",https://www.youtube.com/watch?v=-HpBHWUPa8Q&amp;list=UUbmNph6atAoGfqLoCL_duAg,FALSE,Comedians
"Kyle Johnson, 'Inception and Philosophy' | Talks at Google",https://www.youtube.com/watch?v=ginQNMiRu2w&amp;list=UUbmNph6atAoGfqLoCL_duAg,FALSE,Authors
George R.R. Martin | Talks at Google,https://www.youtube.com/watch?v=QTTW8M_etko&amp;list=UUbmNph6atAoGfqLoCL_duAg,FALSE,Authors
"Tina Fey, ""Bossypants"" | Talks at Google",https://www.youtube.com/watch?v=M8Mkufm3ncc&amp;list=UUbmNph6atAoGfqLoCL_duAg,FALSE,Comedians
Eckhart Tolle in Conversation with Bradley Horowitz | Talks at Google,https://www.youtube.com/watch?v=qE1dWwoJPU0&amp;list=UUbmNph6atAoGfqLoCL_duAg,FALSE,Inspirational
"Jake Shimabukuro, ""Grand Ukulele"" | Musicians at Google",https://www.youtube.com/watch?v=_gJJ3aDif5A&list=UUbmNph6atAoGfqLoCL_d,FALSE,Musicians
"Ogi Ogas, ""A Billion Wicked Thoughts"" | Talks at Google",https://www.youtube.com/watch?v=p-A8GvUehq4&amp;list=UUbmNph6atAoGfqLoCL_duAg,FALSE,Health
Authors@Google: Noam Chomsky,https://www.youtube.com/watch?v=rnLWSC5p1XE&amp;list=UUbmNph6atAoGfqLoCL_duAg,FALSE,Authors
Anderson Cooper | Talks at Google,https://www.youtube.com/watch?v=FdmkBxguucA&amp;list=UUbmNph6atAoGfqLoCL_duAg,FALSE,Authors
Authors@Google: Garr Reynolds,https://www.youtube.com/watch?v=DZ2vtQCESpk&amp;list=UUbmNph6atAoGfqLoCL_duAg,FALSE,Authors
Authors@Google: Randall Munroe of xkcd,https://www.youtube.com/watch?v=zJOS0sV2a24&amp;list=UUbmNph6atAoGfqLoCL_duAg,FALSE,Authors
Authors@Google: Daniel Goleman,https://www.youtube.com/watch?v=-hoo_dIOP8k&amp;list=UUbmNph6atAoGfqLoCL_duAg,FALSE,Authors
Authors@google: Daphne Miller,https://www.youtube.com/watch?v=rCnlHXGAJVE&amp;list=UUbmNph6atAoGfqLoCL_duAg,FALSE,Authors
"Thich Nhat Hanh, Mindfulness as a Foundation for Health | Talks at Google",https://www.youtube.com/watch?v=Ijnt-eXukwk&amp;list=UUbmNph6atAoGfqLoCL_duAg,FALSE,Health
Authors@Google: Neil deGrasse Tyson,https://www.youtube.com/watch?v=ztLZcvtVIo4&amp;list=UUbmNph6atAoGfqLoCL_duAg,FALSE,Authors
Google+David Beckham Interview,https://www.youtube.com/watch?v=VveDqucdfnc&amp;list=UUbmNph6atAoGfqLoCL_duAg,FALSE,Other (Athlete)
@Google Talks presents Martha Stewart in Conversation with Marissa Mayer,https://www.youtube.com/watch?v=FfGXXBVvILY&amp;list=UUbmNph6atAoGfqLoCL_duAg,FALSE,Other
Leading@Google: Stan Slap,https://www.youtube.com/watch?v=zd5ZR9zudi4&amp;list=UUbmNph6atAoGfqLoCL_duAg,FALSE,Leading
Authors@Google: Tim Keller,https://www.youtube.com/watch?v=Kxup3OS5ZhQ&amp;list=UUbmNph6atAoGfqLoCL_duAg,FALSE,Authors
Musicians@Google: Reggie Watts,https://www.youtube.com/watch?v=eGetsXib_zA&amp;list=UUbmNph6atAoGfqLoCL_duAg,FALSE,Musicians
Authors@Google: Elizabeth Gilbert,https://www.youtube.com/watch?v=5bhVDIe42to&amp;list=UUbmNph6atAoGfqLoCL_duAg,FALSE,Authors
Mark Hoppus & Tom DeLonge in Conversation with Google+,https://www.youtube.com/watch?v=KjVMaY1zgXQ&amp;list=UUbmNph6atAoGfqLoCL_duAg,FALSE,Musicians
"Artists at Google: Lang Lang | ""The Chopin Album""",https://www.youtube.com/watch?v=1d8xv1HHKtI&amp;list=UUbmNph6atAoGfqLoCL_duAg,FALSE,Artists
Authors@Google: Steven Pinker,https://www.youtube.com/watch?v=hBpetDxIEMU&amp;list=UUbmNph6atAoGfqLoCL_duAg,FALSE,Authors
Authors@Google: James Randi,https://www.youtube.com/watch?v=MTPj9VlNzQ0&list=UUbmNph6atAoGfqLoCL_duAg,FALSE,Authors
Comedians@Google: Eddie Izzard,https://www.youtube.com/watch?v=LzbgzF4FA9o&list=UUbmNph6atAoGfqLoCL_duAg,FALSE,Comedians
Authors@google: Gary Vaynerchuk,https://www.youtube.com/watch?v=2c_L60H-cpY&list=UUbmNph6atAoGfqLoCL_duAg,FALSE,Authors
Parks and Recreation | Talks at Google,https://www.youtube.com/watch?v=BIJBYU3LKJQ&list=UUbmNph6atAoGfqLoCL_duAg,FALSE,Comedians
"Artists at Google: Andrew Stanton, ""John Carter""",https://www.youtube.com/watch?v=AtP33OuPzgc&list=UUbmNph6atAoGfqLoCL_duAg,FALSE,Artists
Google+ Presents Dane Cook: In Conversation,https://www.youtube.com/watch?v=HtjDHEtTBFU&list=UUbmNph6atAoGfqLoCL_duAg,FALSE,Comedians
Hillary Clinton Talks with Google CEO Eric Schmidt,https://www.youtube.com/watch?v=cwYKIsJwi2c&list=UUbmNph6atAoGfqLoCL_duAg,FALSE,Candidates
Leading@google: Tony Schwartz,https://www.youtube.com/watch?v=tke6X2eME3c&list=UUbmNph6atAoGfqLoCL_duAg,FALSE,Leading
Authors@Google: Anthony Bourdain,https://www.youtube.com/watch?v=WfyxJifcAX8&list=UUbmNph6atAoGfqLoCL_duAg,FALSE,Authors
Authors@Google: Paul Krugman,https://www.youtube.com/watch?v=4XhvG_fD0HA&list=UUbmNph6atAoGfqLoCL_duAg,FALSE,Authors
"Kelly McGonigal, ""The Willpower Instinct"" | Talks at Google",https://www.youtube.com/watch?v=V5BXuZL1HAg&list=UUbmNph6atAoGfqLoCL_duAg,FALSE,Inspirational
Musicians@Google: José González Live,https://www.youtube.com/watch?v=CL-t7f_n9dY&list=UUbmNph6atAoGfqLoCL_duAg,FALSE,Musicians
Authors@Google: Michael Pollan,https://www.youtube.com/watch?v=I-t-7lTw6mA&list=UUbmNph6atAoGfqLoCL_duAg,FALSE,Authors
@Google in Conversation with Stephen Merchant,https://www.youtube.com/watch?v=Qt3XkJsQR-g&list=UUbmNph6atAoGfqLoCL_duAg,FALSE,Comedians
Authors@Google: Slavoj Žižek,https://www.youtube.com/watch?v=_x0eyNkNpL0&list=UUbmNph6atAoGfqLoCL_duAg,FALSE,Authors
Authors@Google: Marco Pierre White,https://www.youtube.com/watch?v=7bjQy0S6Un4&list=UUbmNph6atAoGfqLoCL_duAg,FALSE,Authors
"Chade-Meng Tan: ""Search Inside Yourself"", Authors at Google",https://www.youtube.com/watch?v=r8fcqrNO7so&list=UUbmNph6atAoGfqLoCL_duAg,FALSE,Inspirational
"Authors@Google: Eric Ries ""The Lean Startup""",https://www.youtube.com/watch?v=fEvKo90qBns&list=UUbmNph6atAoGfqLoCL_duAg,FALSE,Authors
Authors@Google: Masaharu Morimoto,https://www.youtube.com/watch?v=SNyRCHMIWDw&list=UUbmNph6atAoGfqLoCL_duAg,FALSE,Authors
Authors@Google: Salman Rushdie,https://www.youtube.com/watch?v=Ah9PyZNb4F8&list=UUbmNph6atAoGfqLoCL_duAg,FALSE,Authors
Authors@Google: George Soros,https://www.youtube.com/watch?v=0zzQk8IwSJE&list=UUbmNph6atAoGfqLoCL_duAg,FALSE,Authors
Noam Chomsky | Talks at Google,https://www.youtube.com/watch?v=Y3PwG4UoJ0Y&list=UUbmNph6atAoGfqLoCL_duAg,FALSE,Authors
@Google Presents: Daniel Kahneman,https://www.youtube.com/watch?v=CjVQJdIrDJ0&list=UUbmNph6atAoGfqLoCL_duAg,FALSE,Authors
"Ray Kurzweil ""How to Create a Mind"", Authors at Google",https://www.youtube.com/watch?v=zihTWh5i2C4&list=UUbmNph6atAoGfqLoCL_duAg,FALSE,Authors
Authors@Google: Junot Díaz,https://www.youtube.com/watch?v=I-tD45oj1ro&list=UUbmNph6atAoGfqLoCL_duAg,FALSE,Authors
Authors@Google: Joseph Stiglitz,https://www.youtube.com/watch?v=UzhD7KVs-R4&list=UUbmNph6atAoGfqLoCL_duAg,FALSE,Authors
Authors@Google: Salman Khan,https://www.youtube.com/watch?v=PhO2gshIVuE&list=UUbmNph6atAoGfqLoCL_duAg,FALSE,Authors
Authors@Google: Dan Ariely,https://www.youtube.com/watch?v=VZv--sm9XXU&list=UUbmNph6atAoGfqLoCL_duAg,FALSE,Authors
Authors@Google: Michael Bloomberg,https://www.youtube.com/watch?v=WsRpYXJMGIg&list=UUbmNph6atAoGfqLoCL_duAg,FALSE,Authors
"Nas, ""Illmatic XX"" | Talks at Google",https://www.youtube.com/watch?v=L_4tAafaUfs&list=UUbmNph6atAoGfqLoCL_duAg,FALSE,Musicians
Authors@Google: Jeffrey D. Sachs,https://www.youtube.com/watch?v=n3kzzVP2c7w&list=UUbmNph6atAoGfqLoCL_duAg,FALSE,Authors
"Nate Silver: ""The Signal and the Noise"", Authors at Google",https://www.youtube.com/watch?v=mYIgSq-ZWE0&list=UUbmNph6atAoGfqLoCL_duAg,FALSE,Authors
